<?xml version="1.0"?>
<slider>

	<slide>
		<id>1</id>
		<image>images/img1.jpg</image>
		<description>Les belles planches</description>
	</slide>

	<slide>
		<id>2</id>
		<image>images/img2.jpg</image>
		<description>Pour les amateurs...</description>
	</slide>

	<slide>
		<id>3</id>
		<image>images/img3.jpg</image>
		<description>Le site</description>
	</slide>

	<slide>
		<id>4</id>
		<image>images/img4.jpg</image>
		<description>Le bois !</description>
	</slide>

</slider>
